{
  "x": -85.67361151052046,
  "y": 42.965675675675676
}